Keyword,Popularity,Competitiveness,# Apps,Headspace: Meditation & Sleep,Habitify: Habit Tracker,Fabulous: Daily Habit Tracker
habit tracker,69,85,234,,20,11
habit   tracker,69,74,234,,20,11
sleep tracker,67,91,229,156,,
calm,67,96,240,2,,
journal,67,84,234,,,44
電話,66,65,193,178,,
y,65,100,224,207,,
sleep,63,94,225,11,,
habıt tracker,63,62,243,,10,1
headway,63,93,208,,,31
heads up free,62,88,214,173,,
sleep number app,62,84,201,71,,
free,61,100,214,136,,
Habit  Tracker,60,68,234,,20,11
motivation,60,85,223,,,25
focus,59,63,239,165,,
habit,59,69,217,,21,18
better sleep,58,79,225,48,,
better  sleep,58,74,228,51,,
habitica,58,90,223,,13,7
meditation,57,96,221,1,,
betterhelp,57,82,198,4,,
7shifts,57,63,56,43,,
reminder,57,96,216,,,162
h,56,98,226,98,,
meditation:,56,70,194,3,,
tracker,56,97,239,,36,152
trello,56,90,198,,,71
structured,56,87,214,,,34
onrise,56,83,59,,,17
ca,55,100,234,142,,
goal tracker,55,94,234,,40,52
noom,55,97,208,,,33
daily planner,55,85,242,,,67
motivation daily quotes,55,77,217,,,16
productivity,54,97,224,114,,22
hm,54,63,242,136,,
the calm app free,54,82,237,6,,
petit bambou,54,98,222,5,,
libre,54,86,245,182,,
tiimo,54,77,79,,,15
habıt,53,61,236,,22,42
gratitude journal,53,79,223,,,75
daily  planner,53,76,243,,,82
freee,52,96,216,155,,
endel,52,81,136,6,,
mental health,52,95,236,7,,20
track,52,98,235,,,67
salute,52,55,233,,,67
75 soft challenge,52,67,160,,,14
therapy,51,89,218,4,,
[mental health],51,42,211,211,,
habits,51,71,222,,17,16
adhd,51,93,236,,104,9
journal app free,51,72,242,,,220
يودل,51,53,232,,,54
track:,51,73,231,,,206
free apps,50,98,248,240,,
fabulous,50,89,162,35,,1
투두리스트,50,63,230,,74,
tagebuch,50,70,181,,,38
goals,50,91,192,,,44
daily affirmations,50,91,218,,,65
[adhd],50,53,217,,,23
pp,49,92,233,156,,
self care,49,87,219,38,,18
therap,49,63,212,189,,
streaks,49,86,221,,6,15
ipad,49,100,142,,,67
daily,49,95,236,,,24
routine planner,49,80,241,,,30
self improvement,49,84,221,,,14
calm sleep,48,78,228,37,,
sommeil,48,92,227,63,,
c und a,48,90,246,123,,
routine,48,91,226,,21,14
일정,48,61,217,,121,
stress,47,96,199,10,,
mind body app,47,61,147,24,,
習慣,47,68,227,,15,4
daıly motion,47,82,221,,40,
happy,47,94,219,,,31
balance,46,65,154,37,,
wellness,46,79,214,3,,
tracking,46,98,237,,185,
daily checklist,46,88,219,,58,12
done,46,94,205,,,30
schlaftracker,45,88,177,18,,
cunda,45,95,245,31,,
habitify,45,74,232,,1,9
journaling,45,79,233,,,219
cbt,44,75,226,5,,
streak,44,96,220,,17,34
lifestyle,44,96,204,,,16
better help,43,79,223,4,,
ing,43,98,212,169,,